time,precision
1509718838.9108179,0.11632083000798085
1509719152.1322613,0.5987629688747007
1509719465.0808635,0.6720869912210694
1509719777.8191552,0.7088986432561851
1509720090.601805,0.7263567438148444
1509720403.2236733,0.7352354349561053
1509720716.029404,0.7478052673583401
1509721032.743211,0.75877893056664
1509721350.7879548,0.7638667198723065
